P(bar),cm3/g
4.61224,34.4376029465604
10.6715,70.590509848528
15.568,91.7769642065768
20.0238,107.340961563445
25.1588,122.012661470455
29.7571,133.713089721784
34.0307,142.910533694893
39.3048,153.711824613055
46.3116,164.742447487702
53.4211,174.406673439039
61.1666,183.153461015893
66.3215,188.224587749223
