P(bar),cm3/cm3
4.61224,29.4097129163626
10.6715,60.2842954106429
15.568,78.3775274324166
20.0238,91.6691811751819
25.1588,104.198812895769
29.7571,114.190978622403
34.0307,122.045595775439
39.3048,131.269898219549
46.3116,140.690050154498
53.4211,148.94329911694
61.1666,156.413055707573
66.3215,160.743797937836
