P(bar),cm3/g
6.31507,58.1020965343586
12.3942,93.624339499198
17.453,115.521708530258
23.0352,135.381718047748
28.0178,150.037188362171
33.5735,164.42114199778
40.0602,177.382935245932
47.3055,190.011232117446
53.643,198.604511475137
60.673,208.205953458658
67.1895,216.034283264894
