P(bar),cm3/g
3.20426,35.1990982672827
8.379,72.3028111575988
13.1297,93.8381174879529
17.7876,109.932211648114
22.8563,123.019153931612
27.9218,133.712162137839
32.7453,141.859358053067
38.1089,149.563658497533
41.1071,153.477248363908
42.7469,155.423202728371
45.1024,158.033302296439
47.0636,160.178271853137
49.714,162.943239402186
53.0136,166.186534495846
55.7269,168.846196011539
59.5201,172.468312152313
65.596,177.522121144599
