P(bar),cm3/cm3
3.20426,24.7449660818997
8.379,50.828876243792
13.1297,65.9681965940309
17.7876,77.282344788624
22.8563,86.4824652139234
27.9218,93.9996499829005
32.7453,99.7271287113064
38.1089,105.143251923766
41.1071,107.894505599827
42.7469,109.262511518045
45.1024,111.097411514397
47.0636,112.605325112756
49.714,114.549097299737
53.0136,116.82913375058
55.7269,118.698875796112
59.5201,121.245223443076
65.596,124.798051164653
